,TOTAL POP,WHITE POP,BLACK POP,NOT HISPANIC POP,TOTAL HISPANIC POP,NOT HISPANIC WHITE,NAME,STATE,COUNTY,GEO_TRACT
0,5669,3665,1457,5280,389,3504,"Census Tract 1872, Milwaukee County, Wisconsin",55,079,187200
1,6800,5760,32,6460,340,5585,"Census Tract 1873, Milwaukee County, Wisconsin",55,079,187300
2,3371,2844,141,3079,292,2734,"Census Tract 1874, Milwaukee County, Wisconsin",55,079,187400
3,0,0,0,0,0,0,"Census Tract 9800, Milwaukee County, Wisconsin",55,079,980000
4,0,0,0,0,0,0,"Census Tract 9900, Milwaukee County, Wisconsin",55,079,990000
5,3737,462,3026,3722,15,456,"Census Tract 10, Milwaukee County, Wisconsin",55,079,001000
6,3122,214,2254,3080,42,177,"Census Tract 12, Milwaukee County, Wisconsin",55,079,001200
7,2483,283,1434,2426,57,283,"Census Tract 14, Milwaukee County, Wisconsin",55,079,001400
8,3074,391,2496,3074,0,391,"Census Tract 19, Milwaukee County, Wisconsin",55,079,001900
9,2491,291,2042,2377,114,241,"Census Tract 24, Milwaukee County, Wisconsin",55,079,002400
10,2961,109,2730,2872,89,108,"Census Tract 26, Milwaukee County, Wisconsin",55,079,002600
11,1906,1056,602,1820,86,1023,"Census Tract 80, Milwaukee County, Wisconsin",55,079,008000
12,984,38,855,937,47,0,"Census Tract 84, Milwaukee County, Wisconsin",55,079,008400
13,2327,85,2205,2287,40,84,"Census Tract 68, Milwaukee County, Wisconsin",55,079,006800
14,2813,1947,596,2483,330,1781,"Census Tract 72, Milwaukee County, Wisconsin",55,079,007200
15,3515,3079,118,3248,267,2887,"Census Tract 77, Milwaukee County, Wisconsin",55,079,007700
16,1616,21,1266,1593,23,21,"Census Tract 98, Milwaukee County, Wisconsin",55,079,009800
17,2584,2156,224,2467,117,2047,"Census Tract 108, Milwaukee County, Wisconsin",55,079,010800
18,2321,1924,233,2238,83,1863,"Census Tract 113, Milwaukee County, Wisconsin",55,079,011300
19,2168,494,795,2034,134,427,"Census Tract 122, Milwaukee County, Wisconsin",55,079,012200
20,2456,1387,617,2348,108,1331,"Census Tract 124, Milwaukee County, Wisconsin",55,079,012400
21,3308,2537,260,2401,907,2035,"Census Tract 129, Milwaukee County, Wisconsin",55,079,012900
22,2734,2122,150,2523,211,1984,"Census Tract 144, Milwaukee County, Wisconsin",55,079,014400
23,1334,629,547,1060,274,428,"Census Tract 149, Milwaukee County, Wisconsin",55,079,014900
24,2866,1428,269,932,1934,411,"Census Tract 174, Milwaukee County, Wisconsin",55,079,017400
25,1380,1286,0,1213,167,1183,"Census Tract 184, Milwaukee County, Wisconsin",55,079,018400
26,1962,1376,55,289,1673,201,"Census Tract 188, Milwaukee County, Wisconsin",55,079,018800
27,4754,3162,276,3229,1525,2627,"Census Tract 190, Milwaukee County, Wisconsin",55,079,019000
28,4944,4461,162,4832,112,4364,"Census Tract 702, Milwaukee County, Wisconsin",55,079,070200
29,3274,2513,116,3109,165,2427,"Census Tract 804, Milwaukee County, Wisconsin",55,079,080400
30,3796,3417,117,3552,244,3209,"Census Tract 1202.01, Milwaukee County, Wisconsin",55,079,120201
31,2501,2334,98,2316,185,2170,"Census Tract 1705, Milwaukee County, Wisconsin",55,079,170500
32,3176,344,2320,3030,146,319,"Census Tract 3.02, Milwaukee County, Wisconsin",55,079,000302
33,7005,1764,4032,6887,118,1704,"Census Tract 6, Milwaukee County, Wisconsin",55,079,000600
34,2225,363,1724,2130,95,338,"Census Tract 11, Milwaukee County, Wisconsin",55,079,001100
35,2135,216,1702,1998,137,144,"Census Tract 25, Milwaukee County, Wisconsin",55,079,002500
36,2404,196,2118,2355,49,191,"Census Tract 28, Milwaukee County, Wisconsin",55,079,002800
37,4812,267,4313,4745,67,230,"Census Tract 43, Milwaukee County, Wisconsin",55,079,004300
38,4605,3813,292,4369,236,3717,"Census Tract 906, Milwaukee County, Wisconsin",55,079,090600
39,2146,1880,56,1990,156,1832,"Census Tract 1006, Milwaukee County, Wisconsin",55,079,100600
40,3225,2734,35,2742,483,2510,"Census Tract 1007, Milwaukee County, Wisconsin",55,079,100700
41,3981,2936,334,3602,379,2649,"Census Tract 1009, Milwaukee County, Wisconsin",55,079,100900
42,3364,2745,206,2868,496,2558,"Census Tract 1017, Milwaukee County, Wisconsin",55,079,101700
43,2582,2110,225,2485,97,2069,"Census Tract 1018, Milwaukee County, Wisconsin",55,079,101800
44,5937,5508,131,5796,141,5475,"Census Tract 1402.02, Milwaukee County, Wisconsin",55,079,140202
45,3093,2830,96,2902,191,2681,"Census Tract 1704, Milwaukee County, Wisconsin",55,079,170400
46,5561,1317,3325,4439,1122,724,"Census Tract 2.01, Milwaukee County, Wisconsin",55,079,000201
47,1888,633,952,1775,113,615,"Census Tract 3.03, Milwaukee County, Wisconsin",55,079,000303
48,4575,614,3209,3989,586,437,"Census Tract 30, Milwaukee County, Wisconsin",55,079,003000
49,2890,166,2533,2693,197,146,"Census Tract 39, Milwaukee County, Wisconsin",55,079,003900
50,4858,745,3355,4660,198,700,"Census Tract 17, Milwaukee County, Wisconsin",55,079,001700
51,2506,113,2222,2494,12,113,"Census Tract 20, Milwaukee County, Wisconsin",55,079,002000
52,1906,779,1048,1676,230,609,"Census Tract 22, Milwaukee County, Wisconsin",55,079,002200
53,2670,208,2298,2638,32,206,"Census Tract 40, Milwaukee County, Wisconsin",55,079,004000
54,3677,71,3423,3599,78,64,"Census Tract 42, Milwaukee County, Wisconsin",55,079,004200
55,1631,853,661,1518,113,767,"Census Tract 52, Milwaukee County, Wisconsin",55,079,005200
56,3886,3052,194,2962,924,2540,"Census Tract 199, Milwaukee County, Wisconsin",55,079,019900
57,3460,1561,557,1130,2330,533,"Census Tract 159, Milwaukee County, Wisconsin",55,079,015900
58,3444,3098,11,3088,356,2921,"Census Tract 195, Milwaukee County, Wisconsin",55,079,019500
59,5726,4432,331,4284,1442,3386,"Census Tract 198, Milwaukee County, Wisconsin",55,079,019800
60,3719,3202,5,3102,617,2856,"Census Tract 206, Milwaukee County, Wisconsin",55,079,020600
61,2181,1742,37,1885,296,1544,"Census Tract 210, Milwaukee County, Wisconsin",55,079,021000
62,4312,4095,27,4205,107,3996,"Census Tract 701, Milwaukee County, Wisconsin",55,079,070100
63,1943,1652,59,801,1142,706,"Census Tract 189, Milwaukee County, Wisconsin",55,079,018900
64,3519,1935,152,1272,2247,808,"Census Tract 204, Milwaukee County, Wisconsin",55,079,020400
65,2939,2013,16,917,2022,673,"Census Tract 205, Milwaukee County, Wisconsin",55,079,020500
66,1479,1153,159,1456,23,1136,"Census Tract 401, Milwaukee County, Wisconsin",55,079,040100
67,2257,1954,63,1854,403,1652,"Census Tract 212, Milwaukee County, Wisconsin",55,079,021200
68,3472,1832,531,2211,1261,1351,"Census Tract 214, Milwaukee County, Wisconsin",55,079,021400
69,4445,3715,103,4332,113,3648,"Census Tract 301, Milwaukee County, Wisconsin",55,079,030100
70,6431,2845,2521,5918,513,2652,"Census Tract 501.02, Milwaukee County, Wisconsin",55,079,050102
71,5898,4248,1089,5619,279,4018,"Census Tract 602, Milwaukee County, Wisconsin",55,079,060200
72,3598,3276,84,3476,122,3179,"Census Tract 802, Milwaukee County, Wisconsin",55,079,080200
73,3772,3532,71,3690,82,3450,"Census Tract 803, Milwaukee County, Wisconsin",55,079,080300
74,2345,2168,54,2336,9,2168,"Census Tract 908, Milwaukee County, Wisconsin",55,079,090800
75,5153,4197,232,5009,144,4066,"Census Tract 912, Milwaukee County, Wisconsin",55,079,091200
76,5187,4624,203,4247,940,4045,"Census Tract 1802, Milwaukee County, Wisconsin",55,079,180200
77,3184,3018,62,2977,207,2886,"Census Tract 1012, Milwaukee County, Wisconsin",55,079,101200
78,4374,3691,193,4082,292,3446,"Census Tract 1205.01, Milwaukee County, Wisconsin",55,079,120501
79,2880,2661,78,2640,240,2421,"Census Tract 1302, Milwaukee County, Wisconsin",55,079,130200
80,5095,822,3577,4745,350,669,"Census Tract 5.02, Milwaukee County, Wisconsin",55,079,000502
81,4476,1121,2879,4090,386,1047,"Census Tract 1.01, Milwaukee County, Wisconsin",55,079,000101
82,3098,2516,356,2927,171,2428,"Census Tract 601.02, Milwaukee County, Wisconsin",55,079,060102
83,3468,918,2098,3178,290,840,"Census Tract 1.02, Milwaukee County, Wisconsin",55,079,000102
84,2967,2415,58,2543,424,2216,"Census Tract 180, Milwaukee County, Wisconsin",55,079,018000
85,4019,3104,569,3874,145,2959,"Census Tract 601.01, Milwaukee County, Wisconsin",55,079,060101
86,4158,3523,97,3960,198,3325,"Census Tract 1201.01, Milwaukee County, Wisconsin",55,079,120101
87,3922,3574,52,3697,225,3349,"Census Tract 1201.02, Milwaukee County, Wisconsin",55,079,120102
88,4770,4346,67,4699,71,4299,"Census Tract 1503.03, Milwaukee County, Wisconsin",55,079,150303
89,4441,3880,115,4282,159,3721,"Census Tract 1503.04, Milwaukee County, Wisconsin",55,079,150304
90,6442,5330,401,5892,550,4892,"Census Tract 1602.03, Milwaukee County, Wisconsin",55,079,160203
91,5452,4145,339,5166,286,3974,"Census Tract 1602.04, Milwaukee County, Wisconsin",55,079,160204
92,3790,3151,175,3692,98,3065,"Census Tract 1853, Milwaukee County, Wisconsin",55,079,185300
93,1442,16,1252,1433,9,16,"Census Tract 1854, Milwaukee County, Wisconsin",55,079,185400
94,1747,24,1602,1738,9,15,"Census Tract 1855, Milwaukee County, Wisconsin",55,079,185500
95,1611,493,1000,1544,67,433,"Census Tract 1856, Milwaukee County, Wisconsin",55,079,185600
96,1877,160,1544,1757,120,65,"Census Tract 1857, Milwaukee County, Wisconsin",55,079,185700
97,1615,34,1440,1515,100,13,"Census Tract 1858, Milwaukee County, Wisconsin",55,079,185800
98,980,14,720,980,0,14,"Census Tract 1859, Milwaukee County, Wisconsin",55,079,185900
99,1499,187,1192,1448,51,173,"Census Tract 1860, Milwaukee County, Wisconsin",55,079,186000
100,2006,242,1527,1949,57,212,"Census Tract 1861, Milwaukee County, Wisconsin",55,079,186100
101,1533,95,1360,1452,81,55,"Census Tract 1862, Milwaukee County, Wisconsin",55,079,186200
102,3811,1934,1576,3559,252,1757,"Census Tract 1863, Milwaukee County, Wisconsin",55,079,186300
103,1408,1112,118,1251,157,1024,"Census Tract 1864, Milwaukee County, Wisconsin",55,079,186400
104,1896,938,146,970,926,704,"Census Tract 1865, Milwaukee County, Wisconsin",55,079,186500
105,2206,1364,195,881,1325,679,"Census Tract 1866, Milwaukee County, Wisconsin",55,079,186600
106,1614,670,550,1000,614,299,"Census Tract 1868, Milwaukee County, Wisconsin",55,079,186800
107,2356,2031,85,2283,73,1978,"Census Tract 1869, Milwaukee County, Wisconsin",55,079,186900
108,1485,1198,192,1418,67,1161,"Census Tract 3.01, Milwaukee County, Wisconsin",55,079,000301
109,3605,539,1957,3356,249,495,"Census Tract 15, Milwaukee County, Wisconsin",55,079,001500
110,2040,147,1822,1990,50,125,"Census Tract 21, Milwaukee County, Wisconsin",55,079,002100
111,3935,151,3709,3843,92,110,"Census Tract 23, Milwaukee County, Wisconsin",55,079,002300
112,3499,2942,193,3290,209,2857,"Census Tract 1870, Milwaukee County, Wisconsin",55,079,187000
113,6509,5484,296,6077,432,5114,"Census Tract 1601, Milwaukee County, Wisconsin",55,079,160100
114,2492,2382,62,2258,234,2172,"Census Tract 1703, Milwaukee County, Wisconsin",55,079,170300
115,2715,2497,138,2550,165,2332,"Census Tract 1013, Milwaukee County, Wisconsin",55,079,101300
116,1883,1555,198,1829,54,1526,"Census Tract 902, Milwaukee County, Wisconsin",55,079,090200
117,4184,3819,174,3660,524,3295,"Census Tract 1016, Milwaukee County, Wisconsin",55,079,101600
118,4349,4086,149,4264,85,4009,"Census Tract 911, Milwaukee County, Wisconsin",55,079,091100
119,2746,2404,241,2389,357,2135,"Census Tract 1004, Milwaukee County, Wisconsin",55,079,100400
120,4251,3515,345,3364,887,2840,"Census Tract 1015, Milwaukee County, Wisconsin",55,079,101500
121,4786,4478,28,4409,377,4211,"Census Tract 1301, Milwaukee County, Wisconsin",55,079,130100
122,3073,2865,4,2933,140,2725,"Census Tract 1401, Milwaukee County, Wisconsin",55,079,140100
123,10218,9300,210,9493,725,8691,"Census Tract 1603, Milwaukee County, Wisconsin",55,079,160300
124,3258,2844,150,2840,418,2497,"Census Tract 1803, Milwaukee County, Wisconsin",55,079,180300
125,4655,4213,92,4112,543,3702,"Census Tract 1851, Milwaukee County, Wisconsin",55,079,185100
126,3653,1057,2228,3454,199,904,"Census Tract 7, Milwaukee County, Wisconsin",55,079,000700
127,2742,2385,118,2622,120,2343,"Census Tract 75, Milwaukee County, Wisconsin",55,079,007500
128,2138,1760,197,1949,189,1629,"Census Tract 79, Milwaukee County, Wisconsin",55,079,007900
129,1762,24,1695,1753,9,19,"Census Tract 88, Milwaukee County, Wisconsin",55,079,008800
130,1485,1246,193,1415,70,1199,"Census Tract 114, Milwaukee County, Wisconsin",55,079,011400
131,2173,458,962,1734,439,314,"Census Tract 134, Milwaukee County, Wisconsin",55,079,013400
132,2177,484,1557,1974,203,363,"Census Tract 136, Milwaukee County, Wisconsin",55,079,013600
133,3420,1872,133,1014,2406,668,"Census Tract 162, Milwaukee County, Wisconsin",55,079,016200
134,4143,983,329,749,3394,401,"Census Tract 163, Milwaukee County, Wisconsin",55,079,016300
135,3731,1736,796,1025,2706,242,"Census Tract 175, Milwaukee County, Wisconsin",55,079,017500
136,5387,1353,3331,5004,383,1273,"Census Tract 50, Milwaukee County, Wisconsin",55,079,005000
137,3084,2548,208,2780,304,2347,"Census Tract 128, Milwaukee County, Wisconsin",55,079,012800
138,2121,997,65,509,1612,411,"Census Tract 165, Milwaukee County, Wisconsin",55,079,016500
139,1697,631,296,699,998,328,"Census Tract 166, Milwaukee County, Wisconsin",55,079,016600
140,1976,1499,15,1395,581,1259,"Census Tract 185, Milwaukee County, Wisconsin",55,079,018500
141,1749,1132,295,1306,443,851,"Census Tract 213, Milwaukee County, Wisconsin",55,079,021300
142,4798,3767,16,3746,1052,2977,"Census Tract 216, Milwaukee County, Wisconsin",55,079,021600
143,4289,3520,512,4198,91,3455,"Census Tract 901, Milwaukee County, Wisconsin",55,079,090100
144,3666,2625,547,3419,247,2454,"Census Tract 146, Milwaukee County, Wisconsin",55,079,014600
145,2424,575,1609,2321,103,481,"Census Tract 37, Milwaukee County, Wisconsin",55,079,003700
146,2550,60,2466,2534,16,60,"Census Tract 46, Milwaukee County, Wisconsin",55,079,004600
147,3296,348,2689,3175,121,348,"Census Tract 51, Milwaukee County, Wisconsin",55,079,005100
148,4783,3845,218,4568,215,3662,"Census Tract 703, Milwaukee County, Wisconsin",55,079,070300
149,3350,2582,192,3091,259,2407,"Census Tract 903, Milwaukee County, Wisconsin",55,079,090300
150,2269,2071,37,2223,46,2025,"Census Tract 351, Milwaukee County, Wisconsin",55,079,035100
151,2126,56,1990,2099,27,50,"Census Tract 65, Milwaukee County, Wisconsin",55,079,006500
152,1185,22,1148,1163,22,22,"Census Tract 99, Milwaukee County, Wisconsin",55,079,009900
153,2898,1583,153,628,2270,446,"Census Tract 172, Milwaukee County, Wisconsin",55,079,017200
154,1454,1282,0,1247,207,1175,"Census Tract 211, Milwaukee County, Wisconsin",55,079,021100
155,3736,3188,374,2819,917,2359,"Census Tract 1001, Milwaukee County, Wisconsin",55,079,100100
156,3008,2656,63,2532,476,2422,"Census Tract 1202.02, Milwaukee County, Wisconsin",55,079,120202
157,4534,4167,115,4192,342,3870,"Census Tract 1805, Milwaukee County, Wisconsin",55,079,180500
158,2709,2435,43,2304,405,2169,"Census Tract 209, Milwaukee County, Wisconsin",55,079,020900
159,2671,2101,341,2528,143,1975,"Census Tract 110, Milwaukee County, Wisconsin",55,079,011000
160,5298,1109,3449,5002,296,917,"Census Tract 33, Milwaukee County, Wisconsin",55,079,003300
161,3576,322,2952,3495,81,277,"Census Tract 35, Milwaukee County, Wisconsin",55,079,003500
162,2084,207,1791,1937,147,154,"Census Tract 36, Milwaukee County, Wisconsin",55,079,003600
163,2313,167,1989,2182,131,162,"Census Tract 38, Milwaukee County, Wisconsin",55,079,003800
164,3429,2708,484,3106,323,2465,"Census Tract 55, Milwaukee County, Wisconsin",55,079,005500
165,2095,118,1939,2012,83,35,"Census Tract 66, Milwaukee County, Wisconsin",55,079,006600
166,3067,411,2504,2811,256,193,"Census Tract 70, Milwaukee County, Wisconsin",55,079,007000
167,1998,1452,316,1775,223,1328,"Census Tract 71, Milwaukee County, Wisconsin",55,079,007100
168,3260,2467,198,2978,282,2331,"Census Tract 78, Milwaukee County, Wisconsin",55,079,007800
169,1402,248,1022,1336,66,211,"Census Tract 137, Milwaukee County, Wisconsin",55,079,013700
170,1238,349,712,1003,235,226,"Census Tract 81, Milwaukee County, Wisconsin",55,079,008100
171,1189,5,1184,1189,0,5,"Census Tract 87, Milwaukee County, Wisconsin",55,079,008700
172,2514,2066,297,2270,244,1903,"Census Tract 94, Milwaukee County, Wisconsin",55,079,009400
173,3575,1823,91,796,2779,606,"Census Tract 169, Milwaukee County, Wisconsin",55,079,016900
174,2943,1605,18,644,2299,411,"Census Tract 171, Milwaukee County, Wisconsin",55,079,017100
175,2709,1367,149,918,1791,548,"Census Tract 186, Milwaukee County, Wisconsin",55,079,018600
176,3408,2748,176,2460,948,2171,"Census Tract 192, Milwaukee County, Wisconsin",55,079,019200
177,3016,2561,73,2695,321,2258,"Census Tract 215, Milwaukee County, Wisconsin",55,079,021500
178,4056,3170,322,1899,2157,1388,"Census Tract 201, Milwaukee County, Wisconsin",55,079,020100
179,3626,2620,85,2296,1330,1699,"Census Tract 202, Milwaukee County, Wisconsin",55,079,020200
180,4486,3999,140,3899,587,3722,"Census Tract 207, Milwaukee County, Wisconsin",55,079,020700
181,1923,20,1867,1904,19,19,"Census Tract 64, Milwaukee County, Wisconsin",55,079,006400
182,2840,395,2334,2498,342,108,"Census Tract 69, Milwaukee County, Wisconsin",55,079,006900
183,3612,3212,165,3465,147,3103,"Census Tract 76, Milwaukee County, Wisconsin",55,079,007600
184,1155,12,1132,1148,7,12,"Census Tract 85, Milwaukee County, Wisconsin",55,079,008500
185,2439,2178,165,2341,98,2125,"Census Tract 126, Milwaukee County, Wisconsin",55,079,012600
186,1230,1116,56,1098,132,1023,"Census Tract 127, Milwaukee County, Wisconsin",55,079,012700
187,2969,1994,523,2706,263,1823,"Census Tract 147, Milwaukee County, Wisconsin",55,079,014700
188,3116,929,308,798,2318,446,"Census Tract 157, Milwaukee County, Wisconsin",55,079,015700
189,2564,733,306,707,1857,341,"Census Tract 158, Milwaukee County, Wisconsin",55,079,015800
190,3235,1553,523,1049,2186,323,"Census Tract 167, Milwaukee County, Wisconsin",55,079,016700
191,3499,1065,478,717,2782,238,"Census Tract 168, Milwaukee County, Wisconsin",55,079,016800
192,3461,2446,159,1154,2307,772,"Census Tract 187, Milwaukee County, Wisconsin",55,079,018700
193,3213,2689,109,2596,617,2111,"Census Tract 193, Milwaukee County, Wisconsin",55,079,019300
194,5174,4793,23,4389,785,4209,"Census Tract 197, Milwaukee County, Wisconsin",55,079,019700
195,4028,3339,25,2213,1815,1863,"Census Tract 203, Milwaukee County, Wisconsin",55,079,020300
196,5608,3767,1251,5390,218,3619,"Census Tract 501.01, Milwaukee County, Wisconsin",55,079,050101
197,2700,2337,155,2617,83,2283,"Census Tract 801, Milwaukee County, Wisconsin",55,079,080100
198,2531,2129,180,2200,331,1935,"Census Tract 1804, Milwaukee County, Wisconsin",55,079,180400
199,4096,3458,121,3356,740,3029,"Census Tract 194, Milwaukee County, Wisconsin",55,079,019400
200,3448,2012,408,2203,1245,1335,"Census Tract 200, Milwaukee County, Wisconsin",55,079,020000
201,6581,5742,123,5503,1078,4834,"Census Tract 217, Milwaukee County, Wisconsin",55,079,021700
202,2634,2378,118,2337,297,2155,"Census Tract 1701, Milwaukee County, Wisconsin",55,079,170100
203,1848,467,1194,1707,141,403,"Census Tract 135, Milwaukee County, Wisconsin",55,079,013500
204,3561,2116,120,904,2657,716,"Census Tract 161, Milwaukee County, Wisconsin",55,079,016100
205,5492,2591,393,2051,3441,1437,"Census Tract 170, Milwaukee County, Wisconsin",55,079,017000
206,4404,2576,63,986,3418,825,"Census Tract 173, Milwaukee County, Wisconsin",55,079,017300
207,2745,1281,254,717,2028,341,"Census Tract 176, Milwaukee County, Wisconsin",55,079,017600
208,3014,2386,132,2549,465,2191,"Census Tract 179, Milwaukee County, Wisconsin",55,079,017900
209,1745,1666,9,1653,92,1574,"Census Tract 181, Milwaukee County, Wisconsin",55,079,018100
210,3923,2843,379,2514,1409,2031,"Census Tract 191, Milwaukee County, Wisconsin",55,079,019100
211,3356,636,2339,3147,209,626,"Census Tract 9, Milwaukee County, Wisconsin",55,079,000900
212,2675,921,1584,2497,178,791,"Census Tract 4, Milwaukee County, Wisconsin",55,079,000400
213,3861,1540,1848,3552,309,1483,"Census Tract 5.01, Milwaukee County, Wisconsin",55,079,000501
214,2746,125,2424,2625,121,125,"Census Tract 41, Milwaukee County, Wisconsin",55,079,004100
215,2118,19,1912,1961,157,19,"Census Tract 45, Milwaukee County, Wisconsin",55,079,004500
216,3677,2704,656,3539,138,2641,"Census Tract 54, Milwaukee County, Wisconsin",55,079,005400
217,6675,5461,435,5826,849,4882,"Census Tract 1204, Milwaukee County, Wisconsin",55,079,120400
218,2260,1905,95,2129,131,1840,"Census Tract 56, Milwaukee County, Wisconsin",55,079,005600
219,2579,2017,485,2416,163,1881,"Census Tract 57, Milwaukee County, Wisconsin",55,079,005700
220,4073,3269,372,3840,233,3137,"Census Tract 74, Milwaukee County, Wisconsin",55,079,007400
221,5787,5388,20,5675,112,5292,"Census Tract 1503.01, Milwaukee County, Wisconsin",55,079,150301
222,7222,6350,84,6308,914,5700,"Census Tract 1602.02, Milwaukee County, Wisconsin",55,079,160202
223,3981,3593,163,3505,476,3200,"Census Tract 1702, Milwaukee County, Wisconsin",55,079,170200
224,4854,4381,113,4366,488,4064,"Census Tract 1852, Milwaukee County, Wisconsin",55,079,185200
225,3495,1332,1543,3298,197,1250,"Census Tract 3.04, Milwaukee County, Wisconsin",55,079,000304
226,4996,1128,3142,4788,208,1020,"Census Tract 8, Milwaukee County, Wisconsin",55,079,000800
227,4261,441,2790,4037,224,408,"Census Tract 13, Milwaukee County, Wisconsin",55,079,001300
228,3089,338,2451,2913,176,307,"Census Tract 16, Milwaukee County, Wisconsin",55,079,001600
229,1961,152,1789,1961,0,152,"Census Tract 27, Milwaukee County, Wisconsin",55,079,002700
230,4121,618,2848,3765,356,372,"Census Tract 31, Milwaukee County, Wisconsin",55,079,003100
231,2711,386,1847,2607,104,345,"Census Tract 32, Milwaukee County, Wisconsin",55,079,003200
232,6160,1841,3380,6006,154,1840,"Census Tract 34, Milwaukee County, Wisconsin",55,079,003400
233,1703,1456,84,1680,23,1433,"Census Tract 111, Milwaukee County, Wisconsin",55,079,011100
234,2341,94,1913,2333,8,94,"Census Tract 90, Milwaukee County, Wisconsin",55,079,009000
235,1683,117,571,1566,117,59,"Census Tract 97, Milwaukee County, Wisconsin",55,079,009700
236,2408,1971,175,2315,93,1935,"Census Tract 143, Milwaukee County, Wisconsin",55,079,014300
237,5157,4181,644,4663,494,3708,"Census Tract 1010, Milwaukee County, Wisconsin",55,079,101000
238,1635,1585,7,1540,95,1495,"Census Tract 182, Milwaukee County, Wisconsin",55,079,018200
239,2312,2151,42,2072,240,1928,"Census Tract 183, Milwaukee County, Wisconsin",55,079,018300
240,3227,2885,24,2979,248,2804,"Census Tract 208, Milwaukee County, Wisconsin",55,079,020800
241,3163,3020,0,3099,64,3020,"Census Tract 907, Milwaukee County, Wisconsin",55,079,090700
242,3981,3501,239,3828,153,3382,"Census Tract 909, Milwaukee County, Wisconsin",55,079,090900
243,3772,3562,4,3660,112,3487,"Census Tract 913, Milwaukee County, Wisconsin",55,079,091300
244,3625,2822,191,3111,514,2627,"Census Tract 1005, Milwaukee County, Wisconsin",55,079,100500
245,2882,2693,39,2744,138,2568,"Census Tract 1008, Milwaukee County, Wisconsin",55,079,100800
246,3480,2676,344,2974,506,2488,"Census Tract 1202.03, Milwaukee County, Wisconsin",55,079,120203
247,5288,4467,167,4848,440,4138,"Census Tract 1205.02, Milwaukee County, Wisconsin",55,079,120502
248,5235,4726,43,4915,320,4593,"Census Tract 1402.01, Milwaukee County, Wisconsin",55,079,140201
249,2723,1998,486,2701,22,1988,"Census Tract 73, Milwaukee County, Wisconsin",55,079,007300
250,4139,32,4028,4139,0,32,"Census Tract 47, Milwaukee County, Wisconsin",55,079,004700
251,3697,1007,2387,3255,442,770,"Census Tract 59, Milwaukee County, Wisconsin",55,079,005900
252,2411,164,2029,2214,197,140,"Census Tract 60, Milwaukee County, Wisconsin",55,079,006000
253,999,21,960,999,0,21,"Census Tract 86, Milwaukee County, Wisconsin",55,079,008600
254,1236,123,1010,1184,52,74,"Census Tract 89, Milwaukee County, Wisconsin",55,079,008900
255,2600,1324,975,2462,138,1240,"Census Tract 93, Milwaukee County, Wisconsin",55,079,009300
256,2113,1570,427,1953,160,1466,"Census Tract 95, Milwaukee County, Wisconsin",55,079,009500
257,1361,527,577,1085,276,404,"Census Tract 106, Milwaukee County, Wisconsin",55,079,010600
258,2424,1751,351,1938,486,1554,"Census Tract 107, Milwaukee County, Wisconsin",55,079,010700
259,3582,2147,1200,3522,60,2102,"Census Tract 58, Milwaukee County, Wisconsin",55,079,005800
260,2287,239,1816,2144,143,209,"Census Tract 61, Milwaukee County, Wisconsin",55,079,006100
261,2685,75,2574,2675,10,65,"Census Tract 62, Milwaukee County, Wisconsin",55,079,006200
262,1347,66,1166,1330,17,64,"Census Tract 67, Milwaukee County, Wisconsin",55,079,006700
263,4522,842,3336,4171,351,692,"Census Tract 49, Milwaukee County, Wisconsin",55,079,004900
264,3604,3137,101,3152,452,2710,"Census Tract 1706, Milwaukee County, Wisconsin",55,079,170600
265,2367,124,1740,2281,86,124,"Census Tract 91, Milwaukee County, Wisconsin",55,079,009100
266,3124,670,2216,3022,102,642,"Census Tract 44, Milwaukee County, Wisconsin",55,079,004400
267,2412,47,2244,2359,53,40,"Census Tract 63, Milwaukee County, Wisconsin",55,079,006300
268,1740,459,1036,1609,131,445,"Census Tract 92, Milwaukee County, Wisconsin",55,079,009200
269,2297,1873,230,2125,172,1720,"Census Tract 112, Milwaukee County, Wisconsin",55,079,011200
270,1132,249,849,1001,131,136,"Census Tract 123, Milwaukee County, Wisconsin",55,079,012300
271,1922,1539,125,1388,534,1109,"Census Tract 130, Milwaukee County, Wisconsin",55,079,013000
272,1782,1605,85,1654,128,1483,"Census Tract 1011, Milwaukee County, Wisconsin",55,079,101100
273,2784,2461,123,2238,546,2025,"Census Tract 1707, Milwaukee County, Wisconsin",55,079,170700
274,2243,1114,826,2168,75,1108,"Census Tract 53, Milwaukee County, Wisconsin",55,079,005300
275,8718,7479,157,7897,821,6852,"Census Tract 1501, Milwaukee County, Wisconsin",55,079,150100
276,2183,1839,70,1693,490,1543,"Census Tract 1203, Milwaukee County, Wisconsin",55,079,120300
277,6439,2848,2978,6083,356,2653,"Census Tract 2.02, Milwaukee County, Wisconsin",55,079,000202
278,2346,1829,179,1877,469,1452,"Census Tract 218, Milwaukee County, Wisconsin",55,079,021800
279,4419,3964,131,4308,111,3859,"Census Tract 352, Milwaukee County, Wisconsin",55,079,035200
280,2377,2056,75,2284,93,2004,"Census Tract 914, Milwaukee County, Wisconsin",55,079,091400
281,4159,2992,300,3407,752,2580,"Census Tract 1002, Milwaukee County, Wisconsin",55,079,100200
282,2605,2011,28,2186,419,1906,"Census Tract 1003, Milwaukee County, Wisconsin",55,079,100300
283,3926,3357,243,3473,453,3079,"Census Tract 1014, Milwaukee County, Wisconsin",55,079,101400
284,2839,2656,0,2530,309,2377,"Census Tract 1801, Milwaukee County, Wisconsin",55,079,180100
285,1641,299,1308,1554,87,220,"Census Tract 141, Milwaukee County, Wisconsin",55,079,014100
286,2087,990,595,1750,337,862,"Census Tract 148, Milwaukee County, Wisconsin",55,079,014800
287,1017,447,362,850,167,348,"Census Tract 133, Milwaukee County, Wisconsin",55,079,013300
288,4334,1040,452,901,3433,283,"Census Tract 164, Milwaukee County, Wisconsin",55,079,016400
289,3436,3001,168,3062,374,2768,"Census Tract 196, Milwaukee County, Wisconsin",55,079,019600
290,2969,1388,362,1133,1836,479,"Census Tract 160, Milwaukee County, Wisconsin",55,079,016000
291,4825,4174,359,4627,198,4092,"Census Tract 910, Milwaukee County, Wisconsin",55,079,091000
292,4173,3021,647,2908,1265,2136,"Census Tract 1101, Milwaukee County, Wisconsin",55,079,110100
293,3801,249,3476,3719,82,168,"Census Tract 48, Milwaukee County, Wisconsin",55,079,004800
294,2068,179,1194,1812,256,76,"Census Tract 96, Milwaukee County, Wisconsin",55,079,009600
295,2077,1675,190,1945,132,1630,"Census Tract 125, Milwaukee County, Wisconsin",55,079,012500
296,3049,666,1978,2623,426,472,"Census Tract 18, Milwaukee County, Wisconsin",55,079,001800
297,2295,287,1805,2079,216,166,"Census Tract 29, Milwaukee County, Wisconsin",55,079,002900
